H,a,n,d,p,h,o,n,e
XIAOMI REDMI NOTE 5 4/64 GB - BLACK - RAM 4GB - ROM 64GB - Merah Muda
2,3,5,0,0,0,0
h,t,t,p,:,/,/,s,c,h,e,m,a,.,o,r,g,/,N,e,w,C,o,n,d,i,t,i,o,n
"ROM ABAL ABAL EAAA
Dapat notif cinta Dari xiaomi"
1
L***t
<span>29 Okt</span>
2,0,1,8,-,1,1,-,0,3, ,2,2,:,2,7,:,1,6,.,2,7,0,7,4,2
h,t,t,p,s,:,/,/,w,w,w,.,t,o,k,o,p,e,d,i,a,.,c,o,m,/,b,2,b,-,m,o,b,i,l,e,/,x,i,a,o,m,i,-,r,e,d,m,i,-,n,o,t,e,-,5,-,4,-,6,4,-,g,b,-,b,l,a,c,k,-,r,a,m,-,4,g,b,-,r,o,m,-,6,4,g,b,-,m,e,r,a,h,-,m,u,d,a,?,t,r,k,i,d,=,f,%,3,D,C,a,2,4,L,0,0,0,P,0,W,0,S,0,S,h,0,0,C,o,0,P,o,0,F,r,0,C,b,0,_,s,r,c,%,3,D,d,i,r,e,c,t,o,r,y,_,p,a,g,e,%,3,D,1,_,o,b,%,3,D,5,_,q,%,3,D,_,p,o,%,3,D,1,_,c,a,t,i,d,%,3,D,2,4,&,l,t,=,/,p,/,h,a,n,d,p,h,o,n,e,-,t,a,b,l,e,t,/,h,a,n,d,p,h,o,n,e, ,-, ,p,r,o,d,u,c,t, ,5, ,-, ,p,r,o,d,u,c,t, ,l,i,s,t
